year,url
2011,https://drive.google.com/file/d/18GTlBbl3fnSfAPp8FvvYa-GrqvJDZbJG/view?usp=sharing
2012,https://drive.google.com/file/d/17-eEOBnExY2serd2thV7TN2lGIC5i3X1/view?usp=sharing
2013,https://drive.google.com/file/d/1XAJbnjGQlY8AR9wd9qmao_iA3akg2ha2/view?usp=sharing
2014,https://drive.google.com/file/d/13RNfWtbP1h9AasAnMsUH7Uyo6lAEup6h/view?usp=sharing
2015,https://drive.google.com/file/d/1tV5y4l86l88b8bpW3bhFbs6z8LuZTb-b/view?usp=sharing
2016,https://drive.google.com/file/d/15wb2G6_TAkLOMXhlgHDYM6Izr41nemVr/view?usp=sharing
2017,https://drive.google.com/file/d/1iZwE2q55CHMTkGD7W6tJRJ7JPX0Q3j2m/view?usp=sharing
2018,https://drive.google.com/file/d/1vc13AFFdS5Hybh6tKeim4e8Z7gjrDm8L/view?usp=sharing
2019,https://drive.google.com/file/d/1J5p69AtFNj90db_i7mJQBnulrKI7f2z8/view?usp=sharing
2020,https://drive.google.com/file/d/1Y2Ceqv5sAnEQk-Mi-85gVpGzRVaoqpqk/view?usp=sharing
2021,https://drive.google.com/file/d/1PLqqD0XUK9aHq5Qhxj8nPS3isj3ScD1W/view?usp=sharing
